{"coregistration_y":0.9278764926977805,"variance_x":0.14172816919380024,"variance_y":0.07235779400295385,"correlation_y":0.9285192626205624,"coregistration_x":0.9567224090878608,"correlation_x":0.958665523806853}