{"coregistration_y":0.9449473892188713,"variance_x":0.06559232586880552,"variance_y":0.13726158649262657,"correlation_y":0.9464640734291893,"coregistration_x":0.8588693369198687,"correlation_x":0.8696257728094168}