{"coregistration_y":0.9063392297388294,"variance_x":0.09283795661292724,"variance_y":0.0933386057442305,"correlation_y":0.9059837128602611,"coregistration_x":0.9715357023822162,"correlation_x":0.9732341718692652}