{"coregistration_y":0.9815316033758812,"variance_x":0.1544022600659341,"variance_y":0.1262717425474159,"correlation_y":0.9805902262616523,"coregistration_x":0.8978081322837221,"correlation_x":0.9036358429794181}