{"mann_whitney_u":544.0,"mdn_control":-0.15623560134437475,"correlation_x":0.9475858570736271,"variance_x":0.09493229148974427,"variance_y":0.13946370060591456,"n_treatment":48.0,"correlation_y":0.921985307074133,"coregistration_x":0.9493865341303223,"mann_whitney_pvalue":4.696998451738977e-7,"coregistration_y":0.9173826991374435,"n_control":54.0,"mdn_treatment":0.14858146674438227}