{"mann_whitney_u":0.0,"mdn_control":-0.3813854787847187,"correlation_x":0.983393425149503,"variance_x":0.1903335408303857,"variance_y":0.15685355232685994,"n_treatment":8.0,"correlation_y":0.9687481031387606,"coregistration_x":0.9697533689895695,"mann_whitney_pvalue":0.0001554001554001554,"coregistration_y":0.9681742119189326,"n_control":8.0,"mdn_treatment":0.35960023982743294}