{"coregistration_y":0.9347310179782811,"variance_x":0.11791781368058844,"variance_y":0.06642624911862258,"correlation_y":0.9394550242653624,"coregistration_x":0.917584992433261,"correlation_x":0.9192968638459313}