{"coregistration_y":0.9219492652196611,"variance_x":0.12891430490701244,"variance_y":0.06609727055297976,"correlation_y":0.922614133217529,"coregistration_x":0.9643811247176742,"correlation_x":0.9660395510817422}