{"coregistration_y":0.9530887057650163,"variance_x":0.13927341918253827,"variance_y":0.11558226352294684,"correlation_y":0.951541963432886,"coregistration_x":0.9285416910667444,"correlation_x":0.932703901106814}