{"coregistration_y":0.9055219324835272,"variance_x":0.08783348038602334,"variance_y":0.08792190713221121,"correlation_y":0.9045229792131307,"coregistration_x":0.9781346934063394,"correlation_x":0.9792741910908476}