{"coregistration_y":0.9638293991803926,"variance_x":0.06024853956119072,"variance_y":0.1553478150002438,"correlation_y":0.962351949448303,"coregistration_x":0.919278434173438,"correlation_x":0.9193826386270696}