{"coregistration_y":0.9438169640011139,"variance_x":0.15513406876367886,"variance_y":0.061043710976207824,"correlation_y":0.9441668004168607,"coregistration_x":0.9447957984164929,"correlation_x":0.942206062812623}