{"coregistration_y":0.8722518834567633,"variance_x":0.1481993912598187,"variance_y":0.06566323444814082,"correlation_y":0.8672222948303242,"coregistration_x":0.9742682471187861,"correlation_x":0.9736327155408411}