{"coregistration_y":0.9372859037730008,"variance_x":0.15409820526214757,"variance_y":0.1518575024524173,"correlation_y":0.9382638997841372,"coregistration_x":0.9627685294377195,"correlation_x":0.9606465959397582}