{"coregistration_y":0.8113009167667311,"variance_x":0.07428773453484075,"variance_y":0.06290464031723905,"correlation_y":0.8173136085663152,"coregistration_x":0.9171345854821883,"correlation_x":0.9172464288942569}