{"coregistration_y":0.9461638198450644,"variance_x":0.05946337086295592,"variance_y":0.12838308243646246,"correlation_y":0.9478761008962582,"coregistration_x":0.909707465160417,"correlation_x":0.9146009907389748}