{"coregistration_y":0.9347310179776154,"variance_x":0.11791781368058844,"variance_y":0.06642624911862258,"correlation_y":0.939455024264532,"coregistration_x":0.9175849924352248,"correlation_x":0.9192968638479587}