{"coregistration_y":0.9055219324803065,"variance_x":0.08783348038602334,"variance_y":0.08792190713221121,"correlation_y":0.9045229792124014,"coregistration_x":0.9781346934069953,"correlation_x":0.979274191090849}