{"coregistration_y":0.9530887057623808,"variance_x":0.13927341918253827,"variance_y":0.11558226352294684,"correlation_y":0.9515419634330418,"coregistration_x":0.9285416910678504,"correlation_x":0.9327039011069586}