{"mann_whitney_u":0.0,"mdn_control":-0.3952355825087079,"correlation_x":0.9810954136156247,"variance_x":0.1634984963713882,"variance_y":0.1449342108772662,"n_treatment":8.0,"correlation_y":0.9685914982819585,"coregistration_x":0.9645550025688313,"mann_whitney_pvalue":0.0001554001554001554,"coregistration_y":0.9679492128791789,"n_control":8.0,"mdn_treatment":0.33404907895747005}