{"coregistration_y":0.9638293991778287,"variance_x":0.06024853956119072,"variance_y":0.1553478150002438,"correlation_y":0.9623519494434336,"coregistration_x":0.9192784341733039,"correlation_x":0.9193826386264914}