{"coregistration_y":0.9438169640006223,"variance_x":0.15513406876367886,"variance_y":0.061043710976207824,"correlation_y":0.9441668004163867,"coregistration_x":0.9447957984230527,"correlation_x":0.9422060628178374}