{"coregistration_y":0.8722518834596619,"variance_x":0.1481993912598187,"variance_y":0.06566323444814082,"correlation_y":0.8672222948277722,"coregistration_x":0.9742682471183622,"correlation_x":0.9736327155409475}