{"coregistration_y":0.9372859037733711,"variance_x":0.15409820526214757,"variance_y":0.1518575024524173,"correlation_y":0.9382638997844881,"coregistration_x":0.962768529439714,"correlation_x":0.960646595942173}