{"coregistration_y":0.8113009167696973,"variance_x":0.07428773453484075,"variance_y":0.06290464031723905,"correlation_y":0.8173136085690881,"coregistration_x":0.917134585481443,"correlation_x":0.9172464288945741}