{"mann_whitney_u":594.0,"mdn_control":-0.21210886711587143,"correlation_x":0.9349554322756395,"variance_x":0.12965889814334428,"variance_y":0.14836568789975915,"n_treatment":48.0,"correlation_y":0.9317941489640058,"coregistration_x":0.9364506366499449,"mann_whitney_pvalue":2.562516838695735e-6,"coregistration_y":0.9307062026953816,"n_control":54.0,"mdn_treatment":0.22619495394220912}