{"mann_whitney_u":1.0,"mdn_control":-0.35157903210261665,"correlation_x":0.9764693636657718,"variance_x":0.20087708498909743,"variance_y":0.18498316593631015,"n_treatment":8.0,"correlation_y":0.9477340342422466,"coregistration_x":0.962630381540297,"mann_whitney_pvalue":0.0003108003108003108,"coregistration_y":0.9479560220769315,"n_control":8.0,"mdn_treatment":0.340638329415158}