{"coregistration_y":0.921949265215817,"variance_x":0.12891430490701244,"variance_y":0.06609727055297977,"correlation_y":0.9226141332152896,"coregistration_x":0.9643811247185787,"correlation_x":0.9660395510828488}