{"coregistration_y":0.9461638198496022,"variance_x":0.05946337086295592,"variance_y":0.12838308243646246,"correlation_y":0.9478761009007234,"coregistration_x":0.9097074651538457,"correlation_x":0.9146009907376752}