{"coregistration_y":0.9347310179815005,"variance_x":0.11791781368058844,"variance_y":0.06642624911862256,"correlation_y":0.9394550242647564,"coregistration_x":0.9175849924431911,"correlation_x":0.9192968638548404}