{"coregistration_y":0.953088705763334,"variance_x":0.13927341918253827,"variance_y":0.11558226352294686,"correlation_y":0.9515419634327981,"coregistration_x":0.9285416910625731,"correlation_x":0.9327039011056558}