{"coregistration_y":0.9055219324828245,"variance_x":0.08783348038602334,"variance_y":0.08792190713221124,"correlation_y":0.90452297921306,"coregistration_x":0.9781346934066757,"correlation_x":0.9792741910908592}