{"mann_whitney_u":522.0,"mdn_control":-0.1584328314037855,"correlation_x":0.9503040201693507,"variance_x":0.08708737712255876,"variance_y":0.1271968467908336,"n_treatment":48.0,"correlation_y":0.9260722921870914,"coregistration_x":0.9517100290768669,"mann_whitney_pvalue":2.1510240373412986e-7,"coregistration_y":0.9211287311732934,"n_control":54.0,"mdn_treatment":0.14257728955164256}