{"coregistration_y":0.9449473892165515,"variance_x":0.06559232586880552,"variance_y":0.13726158649262657,"correlation_y":0.946464073428996,"coregistration_x":0.8588693369212392,"correlation_x":0.8696257728105723}