{"coregistration_y":0.9177546352325553,"variance_x":0.132302362350781,"variance_y":0.06975220764745561,"correlation_y":0.9245175914475279,"coregistration_x":0.9118983597558538,"correlation_x":0.9138951805627292}