{"coregistration_y":0.9815316033743468,"variance_x":0.1544022600659341,"variance_y":0.1262717425474159,"correlation_y":0.9805902262616775,"coregistration_x":0.8978081322887934,"correlation_x":0.903635842982956}