{"coregistration_y":0.9063392297393218,"variance_x":0.09283795661292724,"variance_y":0.0933386057442305,"correlation_y":0.9059837128600565,"coregistration_x":0.9715357023821124,"correlation_x":0.9732341718692075}